Workbook

Sheet raw
A1: Toppings | B1: cost | C1: Satisfaction score | D1: Buy
A2: Buffalo mozzarella | B2: 2.00 | C2: 5.0
A3: Gorgonzola | B3: 1.50 | C3: 46025
A4: Ricotta | B4: 1.00 | C4: 46057
A5: Burrata | B5: 3.00 | C5: 46207
A6: Parma ham | B6: 3.00 | C6: 46060
A7: Pancetta | B7: 2.00 | C7: 46057
A8: Salame | B8: 2.00 | C8: 46089
A9: Nduja | B9: 0.50 | C9: 46238
A10: Zucchini | B10: 1.00 | C10: 46145
A11: Fried eggplant | B11: 2.00 | C11: 46058
A20: https://pizz-opz-c87bbfepdbxteg9uekeh3n.streamlit.app/

Sheet OPT
A1: topping name | B1: cost (ww) | C1: sat. score | D1: buy/not buy | E1: Total Cost (based buy) | F1: Total Sat. (based on buy)
A2: Buffalo mozzarella | B2: 2 | C2: 5 | D2: 1 | E2: =SUMPRODUCT(B2:B11,D2:D11) -> 18 | F2: =SUMPRODUCT(C2:C11,D2:D11) -> 50.2
A3: Gorgonzola | B3: 1.5 | C3: 3.1 | D3: 1 | E3: =SUMPRODUCT(#REF!,#REF!) -> #REF!
A4: Ricotta | B4: 1 | C4: 4.2 | D4: 1 | E4: =SUMPRODUCT(C1:C10,D1:D10) -> 45
A5: Burrata | B5: 3 | C5: 4.7 | D5: 1 | E5: =SUMPRODUCT(C2:C11,D2:D11) -> 50.2
A6: Parma ham | B6: 3 | C6: 7.2 | D6: 1 | E6: =SUMPRODUCT(C3:C12,D3:D12) -> 45.2
A7: Pancetta | B7: 2 | C7: 4.2 | D7: 1 | E7: =SUMPRODUCT(C4:C13,D4:D13) -> 42.1
A8: Salame | B8: 2 | C8: 8.3 | D8: 1 | E8: =SUMPRODUCT(C5:C14,D5:D14) -> 37.9
A9: Nduja | B9: 0.5 | C9: 4.8 | D9: 1 | E9: =SUMPRODUCT(C6:C15,D6:D15) -> 33.2
A10: Zucchini | B10: 1 | C10: 3.5 | D10: 1 | E10: =SUMPRODUCT(C7:C16,D7:D16) -> 26
A11: Fried eggplant | B11: 2 | C11: 5.2 | D11: 1 | E11: =SUMPRODUCT(C8:C17,D8:D17) -> 21.8
D13: buy/not buy | E13: Total Cost (based buy) | F13: Total Sat. (based on buy)
D14: 0
D15: 0
D16: 0
D17: 0
D18: 1
D19: 1
D20: 0
D21: 0
D22: 1
D23: 1

Sheet info
A1: ✈️ The Game: The Silk Road Skyways
A3: The Objective: Meet the global demand for the new flagship phone while keeping your air freight costs as low as possible.
A5: 1. The Supply (Your Factories)
A7: Your factories are high-tech hubs. Beijing is a fully automated "Dark Factory," while Shanghai is your primary export hub.
A9: Factory 1: Beijing (PEK) – Capacity: 1,200 units/day
A11: Factory 2: Shanghai (PVG) – Capacity: 1,000 units/day
A12: 2. The Demand (The Retail Shops)
A14: Three major world cities are waiting for their shipments. If you don't send enough, you lose market share!
A16: Store 1: New York, USA (JFK) – Needs: 800 units
A18: Store 2: London, UK (LHR) – Needs: 600 units
A20: Store 3: Tokyo, Japan (NRT) – Needs: 700 units
A21: 3. The Shipping Cost Matrix (Cost per Unit by Air)
A23: Shipping costs are calculated based on flight distance, fuel surcharges, and landing fees. Tokyo is cheap because it's a "Short Haul," while New York is the most expensive "Long Haul."
A25: From \ To | B25: New York (JFK) | C25: London (LHR) | D25: Tokyo (NRT)
A26: Beijing (PEK) | B26: 12.5 | C26: 10 | D26: 3.5
A27: Shanghai (PVG) | B27: 11 | C27: 9.5 | D27: 4
A29: (Costs are per unit. Note: Shanghai has slightly better rates to the West because it is a larger international cargo hub than Beijing.)
A31: 🕹️ How to Play (Optimization Steps)
A33: To solve this like a pro, you need to build your model using these four pillars:
A35: Step 1: The "Decision Grid"
A37: Create a table in Excel (or on paper) with 6 empty cells representing the "routes":
A39: Beijing → NY
A41: Beijing → London
A43: Beijing → Tokyo
A45: Shanghai → NY
A47: Shanghai → London
A49: Shanghai → Tokyo
A51: Step 2: The Objective Function (The Money)
... A73: Beijing-to-Tokyo + Shanghai-to-Tokyo must $= 700$.

Sheet OPT2
A2: The Air Freight Cost Matrix | J2: The Air Freight Cost Matrix
A4: FACTORY | B4: COST($) | C4: NY (JFK) | D4: London (LHR) | E4: Tokyo (NRT) | J4: FACTORY | K4: COST($) | L4: NY (JFK) | M4: London (LHR) | N4: Tokyo (NRT)
A5: Beijing (PEK) | C5: 12.5 | D5: 10 | E5: 3.5 | J5: Beijing (PEK) | L5: 12.5 | M5: 10 | N5: 3.5
A6: Shanghai (PVG) | C6: 11 | D6: 9.5 | E6: 4 | J6: Shanghai (PVG) | L6: 11 | M6: 9.5 | N6: 4
A9: Decision Variables | J9: Decision Variables
A11: (Units Shipped) | B11: NY | C11: LONDON | D11: TOKYO | E11: Row Total (Supply) | F11: (SYMBOL) | G11: CAPACITY | J11: (Units Shipped) | K11: NY | L11: LONDON | M11: TOKYO | N11: Row Total (Supply) | O11: (SYMBOL) | P11: CAPACITY
A12: Beijing (PEK) | B12: 0 | C12: 400 | D12: 700 | E12: =SUM(B12:D12) -> 1100 | F12: <= | G12: 1200 | J12: Beijing (PEK) | K12: 0 | L12: 500 | M12: 700 | N12: =SUM(K12:M12) -> 1200 | O12: <= | P12: 1200
A13: Shanghai (PVG) | B13: 800 | C13: 200 | D13: 0 | E13: =SUM(B13:D13) -> 1000 | F13: >= | G13: 1000 | J13: Shanghai (PVG) | K13: 800 | L13: 100 | M13: 0 | N13: =SUM(K13:M13) -> 900 | O13: >= | P13: 1000
A15: Total (Demand) | B15: 800 | C15: 600 | D15: 700 | E15: =SUM(B15:D15) -> 2100 | J15: Total (Demand) | K15: 800 | L15: 600 | M15: 700 | N15: =SUM(K15:M15) -> 2100
B16: =SUM(B12:B13) -> 800 | C16: =SUM(C12:C13) -> 600 | D16: =SUM(D12:D13) -> 700 | K16: =SUM(K12:K13) -> 800 | L16: =SUM(L12:L13) -> 600 | M16: =SUM(M12:M13) -> 700
A17: TOTAL COST | B17: =SUMPRODUCT(C5:C6,B12:B13)+sumproduct(D5:D6,C12:C13)+sumproduct(E5:E6,D12:D13) -> 17150 | J17: TOTAL COST | K17: =SUMPRODUCT(L5:L6,K12:K13)+sumproduct(M5:M6,L12:L13)+sumproduct(N5:N6,M12:M13) -> 17200 | L17: I belive this is the best possible score
A21: https://gemini.google.com/app/3fa5189f3701b483?utm_source=app_launcher&utm_medium=owned&utm_campaign=base_all
A24: https://docs.google.com/document/d/1BulNHBRdLrZuYRtE_A1hTS15y9_4mGxaCSJpdLFOQRw/edit?usp=sharing

Sheet __OpenSolverCache__

Sheet __OpenSolver__
A1: =ModelSheet='OPT2'!A:Z -> #NAME?
A2: =OpenSolver_AdjNum=1 -> #NAME?
A3: =OpenSolver_ChosenSolver=Google -> #NAME?
A4: =OpenSolver_FastBuild=0 -> #NAME?
A5: =OpenSolver_LinearityCheck=1 -> #NAME?
A6: =solver_adj='OPT2'!B12:D13 -> #NAME?
A7: =solver_lhs1='OPT2'!B15:D15 -> #NAME?
A8: =solver_lhs2='OPT2'!E12:E13 -> #NAME?
A9: =solver_neg=1 -> #NAME?
A10: =solver_num=2 -> #NAME?
A11: =solver_opt='OPT2'!B17 -> #NAME?
A12: =solver_rel1=1 -> #NAME?
A13: =solver_rel2=1 -> #NAME?
A14: =solver_rhs1='OPT2'!B16:D16 -> #NAME?
A15: =solver_rhs2='OPT2'!G12:G13 -> #NAME?
A16: =solver_sho=1 -> #NAME?
A17: =solver_typ=2 -> #NAME?
A18: =solver_val=0 -> #NAME?
